company,address,longitude,latitude,status,link_to_page,note
Meta,,-1,-1,Active,https://www.datacentermap.com,
Meta,Andrupvej 80 Esbjerg Ø Denmark,8.508016,55.510091,Land Banked,https://www.datacentermap.com/denmark/esbjerg/meta-esbjerg-data-center/,
Meta,Krogslundvej 140 Odense Denmark,10.48952125,55.3599132,Active,https://www.datacentermap.com/denmark/odense/meta-odense-data-center/,
Meta,2 Slí na gChairde Clonee Ireland,-6.676228729429806,52.674408717992144,Active,https://www.datacentermap.com/ireland/dublin/meta-clonee-data-center/,
Meta,30 Sunview Way Singapore Singapore,103.70301557614174,1.3171556999999998,Active,https://www.datacentermap.com/singapore/singapore/meta-singapore-data-center/,
Meta,Datavägen 15 Luleå Sweden,22.112725369372185,65.6204466,Active,https://www.datacentermap.com/sweden/lulea/meta-lulea-data-center/,
Meta,"5400 Prosperity Dr NW Huntsville Alabama, USA",-1,-1,Active,https://www.datacentermap.com/usa/alabama/huntsville/meta-data-center-hunstville/,
Meta,"5400 Prosperity Dr NW Huntsville Alabama, USA  ",-1,-1,Active,https://www.datacentermap.com/usa/alabama/huntsville/meta-huntsville-building-1/,Part of Meta Huntsville Campus
Meta,"5400 Prosperity Dr NW Huntsville Alabama, USA  ",-1,-1,Active,https://www.datacentermap.com/usa/alabama/huntsville/meta-huntsville-building-2/,Part of Meta Huntsville Campus
Meta,"5400 Prosperity Dr NW Huntsville Alabama, USA  ",-1,-1,Active,https://www.datacentermap.com/usa/alabama/huntsville/meta-huntsville-building-3/,Part of Meta Huntsville Campus
Meta,"5400 Prosperity Dr NW Huntsville Alabama, USA  ",-1,-1,Active,https://www.datacentermap.com/usa/alabama/huntsville/meta-huntsville-building-4/,Part of Meta Huntsville Campus
Meta,"5400 Prosperity Dr NW Huntsville Alabama, USA  ",-1,-1,Active,https://www.datacentermap.com/usa/alabama/huntsville/meta-huntsville-building-5/,Part of Meta Huntsville Campus
Meta,,-1,-1,Under Construction,https://www.datacentermap.com/usa/alabama/montgomery/meta-montgomery-data-center/,"within across from Hyundai’s assembly plant</i> Montgomery Alabama, USA"
Meta,"3841 S Ellsworth Rd Mesa Arizona, USA",-1,-1,Active,https://www.datacentermap.com/usa/arizona/phoenix/meta-data-center-mesa/,
Meta,"3841 S Ellsworth Rd Mesa Arizona, USA  ",-1,-1,Active,https://www.datacentermap.com/usa/arizona/phoenix/meta-mesa-building-1/,Part of Meta Mesa Campus
Meta,"3841 S Ellsworth Rd Mesa Arizona, USA  ",-1,-1,Active,https://www.datacentermap.com/usa/arizona/phoenix/meta-mesa-building-2/,Part of Meta Mesa Campus
Meta,"3841 S Ellsworth Rd Mesa Arizona, USA  ",-1,-1,Planned,https://www.datacentermap.com/usa/arizona/phoenix/meta-mesa-building-3/,Part of Meta Mesa Campus
Meta,"3841 S Ellsworth Rd Mesa Arizona, USA  ",-1,-1,Planned,https://www.datacentermap.com/usa/arizona/phoenix/meta-mesa-building-4/,Part of Meta Mesa Campus
Meta,"3841 S Ellsworth Rd Mesa Arizona, USA  ",-1,-1,Planned,https://www.datacentermap.com/usa/arizona/phoenix/meta-mesa-building-5/,Part of Meta Mesa Campus
Meta,"100 Move Fast Way Social Circle Georgia, USA",-83.69706751511023,33.6004763,Active,https://www.datacentermap.com/usa/georgia/atlanta/meta-stanton-springs-data-center/,
Meta,"100 Move Fast Way Social Circle Georgia, USA  ",-83.69706751511023,33.6004763,Active,https://www.datacentermap.com/usa/georgia/atlanta/meta-stanton-springs-building-1/,Part of Meta Stanton Springs Campus
Meta,"100 Move Fast Way Social Circle Georgia, USA  ",-83.69706751511023,33.6004763,Active,https://www.datacentermap.com/usa/georgia/atlanta/meta-stanton-springs-building-2/,Part of Meta Stanton Springs Campus
Meta,"100 Move Fast Way Social Circle Georgia, USA  ",-83.69706751511023,33.6004763,Active,https://www.datacentermap.com/usa/georgia/atlanta/meta-stanton-springs-building-3/,Part of Meta Stanton Springs Campus
Meta,"100 Move Fast Way Social Circle Georgia, USA  ",-83.69706751511023,33.6004763,Active,https://www.datacentermap.com/usa/georgia/atlanta/meta-stanton-springs-building-4/,Part of Meta Stanton Springs Campus
Meta,"100 Move Fast Way Social Circle Georgia, USA  ",-83.69706751511023,33.6004763,Active,https://www.datacentermap.com/usa/georgia/atlanta/meta-stanton-springs-building-5/,Part of Meta Stanton Springs Campus
Meta,"6990 W Kuna-Mora Rd Kuna Idaho, USA",-116.2691734,43.4606325,Under Construction,https://www.datacentermap.com/usa/idaho/boise/meta-kuna-data-center/,
Meta,"1550-2050 Metaverse Wy DeKalb Illinois, USA",-1,-1,Active,https://www.datacentermap.com/usa/illinois/chicago/meta-dekalb-data-center/,
Meta,"2050 Metaverse Wy DeKalb Illinois, USA  ",-1,-1,Active,https://www.datacentermap.com/usa/illinois/chicago/meta-dekalb-building-1/,Part of Meta DeKalb Campus
Meta,"2050 Metaverse Wy DeKalb Illinois, USA  ",-1,-1,Active,https://www.datacentermap.com/usa/illinois/chicago/meta-dekalb-building-2/,Part of Meta DeKalb Campus
Meta,"1750 Metaverse Wy DeKalb Illinois, USA  ",-1,-1,Active,https://www.datacentermap.com/usa/illinois/chicago/meta-dekalb-building-3/,Part of Meta DeKalb Campus
Meta,"1750 Metaverse Wy DeKalb Illinois, USA  ",-1,-1,Active,https://www.datacentermap.com/usa/illinois/chicago/meta-dekalb-building-4/,Part of Meta DeKalb Campus
Meta,"1550 Metaverse Wy DeKalb Illinois, USA  ",-1,-1,Active,https://www.datacentermap.com/usa/illinois/chicago/meta-dekalb-building-5/,Part of Meta DeKalb Campus
Meta,"1550 Metaverse Wy DeKalb Illinois, USA  ",-1,-1,Active,https://www.datacentermap.com/usa/illinois/chicago/meta-dekalb-building-6/,Part of Meta DeKalb Campus
Meta,,-1,-1,Under Construction,https://www.datacentermap.com/usa/indiana/jeffersonville/meta-jeffersonville-data-center/,"within the River Ridge Commerce Center in Jeffersonville</i> Jeffersonville Indiana, USA"
Meta,"Hillandale Rd &amp; Enterprise Way Davenport Iowa, USA",-1,-1,Planned,https://www.datacentermap.com/usa/iowa/davenport/meta-davenport/,
Meta,"100-2500 Share Wy NW Altoona Iowa, USA",-1,-1,Active,https://www.datacentermap.com/usa/iowa/des-moines/meta-altoona-data-center/,
Meta,"100 Share Way NW Altoona Iowa, USA  ",-1,-1,Active,https://www.datacentermap.com/usa/iowa/des-moines/meta-altoona-building-1/,Part of Meta Altoona Campus
Meta,"2500 Share Wy NW Altoona Iowa, USA  ",-1,-1,Active,https://www.datacentermap.com/usa/iowa/des-moines/meta-altoona-building-10/,Part of Meta Altoona Campus
Meta,"200 Share Way NW Altoona Iowa, USA  ",-1,-1,Active,https://www.datacentermap.com/usa/iowa/des-moines/meta-altoona-building-2/,Part of Meta Altoona Campus
Meta,"300 Share Way NW Altoona Iowa, USA  ",-1,-1,Active,https://www.datacentermap.com/usa/iowa/des-moines/meta-altoona-building-3/,Part of Meta Altoona Campus
Meta,"500 Share Way NW Altoona Iowa, USA  ",-93.50341065011904,41.6641174217385,Active,https://www.datacentermap.com/usa/iowa/des-moines/meta-altoona-building-4/,Part of Meta Altoona Campus
Meta,"500 Share Way NW Altoona Iowa, USA  ",-93.50341065011904,41.6641174217385,Active,https://www.datacentermap.com/usa/iowa/des-moines/meta-altoona-building-5/,Part of Meta Altoona Campus
Meta,"1100 Share Way NW Altoona Iowa, USA  ",-1,-1,Active,https://www.datacentermap.com/usa/iowa/des-moines/meta-altoona-building-6/,Part of Meta Altoona Campus
Meta,"1100 Share Way NW Altoona Iowa, USA  ",-1,-1,Active,https://www.datacentermap.com/usa/iowa/des-moines/meta-altoona-building-7/,Part of Meta Altoona Campus
Meta,"2000 Share Wy NW Altoona Iowa, USA  ",-1,-1,Active,https://www.datacentermap.com/usa/iowa/des-moines/meta-altoona-building-8/,Part of Meta Altoona Campus
Meta,"2500 Share Wy NW Altoona Iowa, USA  ",-1,-1,Active,https://www.datacentermap.com/usa/iowa/des-moines/meta-altoona-building-9/,Part of Meta Altoona Campus
Meta,"LA-183 &amp; Wade Rd Rayville Louisiana, USA",-1,-1,Active,https://www.datacentermap.com/usa/louisiana/shreveport/meta-richland-parish/,
Meta,"LA-183 &amp; Wade Rd Rayville Louisiana, USA  ",-1,-1,Planned,https://www.datacentermap.com/usa/louisiana/shreveport/meta-hyperion-building-1/,Part of Meta Hyperion Campus
Meta,"LA-183 &amp; Wade Rd Rayville Louisiana, USA  ",-1,-1,Planned,https://www.datacentermap.com/usa/louisiana/shreveport/meta-hyperion-building-2/,Part of Meta Hyperion Campus
Meta,"LA-183 &amp; Wade Rd Rayville Louisiana, USA  ",-1,-1,Planned,https://www.datacentermap.com/usa/louisiana/shreveport/meta-hyperion-building-3/,Part of Meta Hyperion Campus
Meta,"LA-183 &amp; Wade Rd Rayville Louisiana, USA  ",-1,-1,Planned,https://www.datacentermap.com/usa/louisiana/shreveport/meta-hyperion-building-4/,Part of Meta Hyperion Campus
Meta,"LA-183 &amp; Wade Rd Rayville Louisiana, USA  ",-1,-1,Planned,https://www.datacentermap.com/usa/louisiana/shreveport/meta-hyperion-building-5/,Part of Meta Hyperion Campus
Meta,"LA-183 &amp; Wade Rd Rayville Louisiana, USA  ",-1,-1,Planned,https://www.datacentermap.com/usa/louisiana/shreveport/meta-hyperion-building-6/,Part of Meta Hyperion Campus
Meta,"LA-183 &amp; Wade Rd Rayville Louisiana, USA  ",-1,-1,Planned,https://www.datacentermap.com/usa/louisiana/shreveport/meta-hyperion-building-7/,Part of Meta Hyperion Campus
Meta,"LA-183 &amp; Wade Rd Rayville Louisiana, USA  ",-1,-1,Planned,https://www.datacentermap.com/usa/louisiana/shreveport/meta-hyperion-building-8/,Part of Meta Hyperion Campus
Meta,"LA-183 &amp; Wade Rd Rayville Louisiana, USA  ",-1,-1,Planned,https://www.datacentermap.com/usa/louisiana/shreveport/meta-hyperion-building-9/,Part of Meta Hyperion Campus
Meta,,-1,-1,Under Construction,https://www.datacentermap.com/usa/minnesota/minneapolis/meta-rosemount-data-center/,"within east of Dakota County Technical College</i> Rosemount Minnesota, USA"
Meta,"1800 NW 128 St  Kansas City Missouri, USA",-94.58921670584266,39.090784299999996,Active,https://www.datacentermap.com/usa/missouri/kansas-city-mo/meta-kansas-city-data-center/,
Meta,"1800 NW 128 St Kansas City Missouri, USA  ",-94.58921670584266,39.090784299999996,Active,https://www.datacentermap.com/usa/missouri/kansas-city-mo/meta-kansas-city-building-1/,Part of Meta Kansas City Campus
Meta,"1800 NW 128 St Kansas City Missouri, USA  ",-94.58921670584266,39.090784299999996,Planned,https://www.datacentermap.com/usa/missouri/kansas-city-mo/meta-kansas-city-building-2/,Part of Meta Kansas City Campus
Meta,"1800 NW 128 St Kansas City Missouri, USA  ",-94.58921670584266,39.090784299999996,Planned,https://www.datacentermap.com/usa/missouri/kansas-city-mo/meta-kansas-city-building-3/,Part of Meta Kansas City Campus
Meta,"14010-14774 Friend Plz / 13180-13210 Silicon Prairie Plz Papillion Nebraska, USA",-1,-1,Active,https://www.datacentermap.com/usa/nebraska/papillion/meta-sarpy-data-center/,
Meta,"14774 Friend Plz Springfield Nebraska, USA  ",-1,-1,Active,https://www.datacentermap.com/usa/nebraska/papillion/meta-sarpy-building-1/,Part of Meta Sarpy Campus
Meta,"14734 Friend Plz Springfield Nebraska, USA  ",-1,-1,Active,https://www.datacentermap.com/usa/nebraska/papillion/meta-sarpy-building-2/,Part of Meta Sarpy Campus
Meta,"14734 Friend Plz Springfield Nebraska, USA  ",-1,-1,Active,https://www.datacentermap.com/usa/nebraska/papillion/meta-sarpy-building-3/,Part of Meta Sarpy Campus
Meta,"14010Friend Plz Springfield Nebraska, USA  ",-1,-1,Active,https://www.datacentermap.com/usa/nebraska/papillion/meta-sarpy-building-4/,Part of Meta Sarpy Campus
Meta,"14010 Friend Plz Springfield Nebraska, USA  ",-1,-1,Active,https://www.datacentermap.com/usa/nebraska/papillion/meta-sarpy-building-5/,Part of Meta Sarpy Campus
Meta,"13180 Silicon Prairie Plz Springfield Nebraska, USA  ",-1,-1,Active,https://www.datacentermap.com/usa/nebraska/papillion/meta-sarpy-building-6/,Part of Meta Sarpy Campus
Meta,"13180 Silicon Prairie Plz Springfield Nebraska, USA  ",-1,-1,Active,https://www.datacentermap.com/usa/nebraska/papillion/meta-sarpy-building-7/,Part of Meta Sarpy Campus
Meta,"13210 Silicon Prairie Plz Springfield Nebraska, USA  ",-1,-1,Active,https://www.datacentermap.com/usa/nebraska/papillion/meta-sarpy-building-8/,Part of Meta Sarpy Campus
Meta,"4250 Messenger Lp Los Lunas New Mexico, USA",-106.77941378074834,34.8309933,Active,https://www.datacentermap.com/usa/new-mexico/albuquerque/meta-los-lunas-data-center/,
Meta,"Messenger Lp NW Los Lunas New Mexico, USA  ",-1,-1,Active,https://www.datacentermap.com/usa/new-mexico/albuquerque/meta-los-lunas-building-1/,Part of Meta Los Lunas Campus
Meta,"Messenger Lp NW Los Lunas New Mexico, USA  ",-1,-1,Active,https://www.datacentermap.com/usa/new-mexico/albuquerque/meta-los-lunas-building-10/,Part of Meta Los Lunas Campus
Meta,"Messenger Lp NW Los Lunas New Mexico, USA  ",-1,-1,Active,https://www.datacentermap.com/usa/new-mexico/albuquerque/meta-los-lunas-building-2/,Part of Meta Los Lunas Campus
Meta,"Messenger Lp NW Los Lunas New Mexico, USA  ",-1,-1,Active,https://www.datacentermap.com/usa/new-mexico/albuquerque/meta-los-lunas-building-3/,Part of Meta Los Lunas Campus
Meta,"Messenger Lp NW Los Lunas New Mexico, USA  ",-1,-1,Active,https://www.datacentermap.com/usa/new-mexico/albuquerque/meta-los-lunas-building-4/,Part of Meta Los Lunas Campus
Meta,"Messenger Lp NW Los Lunas New Mexico, USA  ",-1,-1,Active,https://www.datacentermap.com/usa/new-mexico/albuquerque/meta-los-lunas-building-5/,Part of Meta Los Lunas Campus
Meta,"Messenger Lp NW Los Lunas New Mexico, USA  ",-1,-1,Active,https://www.datacentermap.com/usa/new-mexico/albuquerque/meta-los-lunas-building-6/,Part of Meta Los Lunas Campus
Meta,"Messenger Lp NW Los Lunas New Mexico, USA  ",-1,-1,Active,https://www.datacentermap.com/usa/new-mexico/albuquerque/meta-los-lunas-building-7/,Part of Meta Los Lunas Campus
Meta,"Messenger Lp NW Los Lunas New Mexico, USA  ",-1,-1,Active,https://www.datacentermap.com/usa/new-mexico/albuquerque/meta-los-lunas-building-8/,Part of Meta Los Lunas Campus
Meta,"Messenger Lp NW Los Lunas New Mexico, USA  ",-1,-1,Active,https://www.datacentermap.com/usa/new-mexico/albuquerque/meta-los-lunas-building-9/,Part of Meta Los Lunas Campus
Meta,"404 Social Circle Forest City North Carolina, USA",-1,-1,Active,https://www.datacentermap.com/usa/north-carolina/charlotte/meta-forest-city-building-1/,
Meta,"480 Social Circle Forest City North Carolina, USA",-1,-1,Active,https://www.datacentermap.com/usa/north-carolina/charlotte/meta-forest-city-building-2/,
Meta,"284 Social Circle Forest City North Carolina, USA",-81.87989962107397,35.32694032157163,Active,https://www.datacentermap.com/usa/north-carolina/charlotte/meta-forest-city-building-3/,
Meta,"404 Social Circle Forest City North Carolina, USA",-1,-1,Active,https://www.datacentermap.com/usa/north-carolina/charlotte/meta-forest-city-data-center/,
Meta,"1 Community Cir Etna Ohio, USA",-73.98189469659101,40.7680741,Active,https://www.datacentermap.com/usa/ohio/columbus/meta-new-albany-data-center/,
Meta,"56 Middleton Pike Bowling Green Ohio, USA",-1,-1,Under Construction,https://www.datacentermap.com/usa/ohio/toledo/meta-bowling-green-campus/,
Meta,"735 SW Connect Way Prineville Oregon, USA",-1,-1,Active,https://www.datacentermap.com/usa/oregon/prineville/meta-prineville-data-center/,
Meta,"735 SW Connect Way Prineville Oregon, USA  ",-1,-1,Active,https://www.datacentermap.com/usa/oregon/prineville/meta-prineville-building-1/,Part of Meta Prineville Campus
Meta,"SW Houston Lake Rd Prineville Oregon, USA  ",-1,-1,Active,https://www.datacentermap.com/usa/oregon/prineville/meta-prineville-building-10/,Part of Meta Prineville Campus
Meta,"735 SW Connect Way Prineville Oregon, USA  ",-1,-1,Active,https://www.datacentermap.com/usa/oregon/prineville/meta-prineville-building-2/,Part of Meta Prineville Campus
Meta,"800 SW Connect Way Prineville Oregon, USA  ",-1,-1,Active,https://www.datacentermap.com/usa/oregon/prineville/meta-prineville-building-3/,Part of Meta Prineville Campus
Meta,"SW Houston Lake Rd Prineville Oregon, USA  ",-1,-1,Active,https://www.datacentermap.com/usa/oregon/prineville/meta-prineville-building-4/,Part of Meta Prineville Campus
Meta,"SW Houston Lake Rd Prineville Oregon, USA  ",-1,-1,Active,https://www.datacentermap.com/usa/oregon/prineville/meta-prineville-building-5/,Part of Meta Prineville Campus
Meta,"607 Tom McCall Rd Prineville Oregon, USA  ",-1,-1,Active,https://www.datacentermap.com/usa/oregon/prineville/meta-prineville-building-6/,Part of Meta Prineville Campus
Meta,"607 Tom McCall Rd Prineville Oregon, USA  ",-1,-1,Active,https://www.datacentermap.com/usa/oregon/prineville/meta-prineville-building-7/,Part of Meta Prineville Campus
Meta,"SW Houston Lake Rd Prineville Oregon, USA  ",-1,-1,Active,https://www.datacentermap.com/usa/oregon/prineville/meta-prineville-building-8/,Part of Meta Prineville Campus
Meta,"SW Houston Lake Rd Prineville Oregon, USA  ",-1,-1,Active,https://www.datacentermap.com/usa/oregon/prineville/meta-prineville-building-9/,Part of Meta Prineville Campus
Meta,"Sage Mill Pkwy Graniteville South Carolina, USA",-1,-1,Planned,https://www.datacentermap.com/usa/south-carolina/aiken/meta-aiken/,
Meta,"1 Meta Lp Gallatin Tennessee, USA",-1,-1,Active,https://www.datacentermap.com/usa/tennessee/nashville/meta-gallatin-data-center/,
Meta,"Meta Lp Gallatin Tennessee, USA  ",-1,-1,Active,https://www.datacentermap.com/usa/tennessee/nashville/meta-gallatin-building-1/,Part of Meta Gallatin Campus
Meta,"Meta Lp Gallatin Tennessee, USA  ",-1,-1,Active,https://www.datacentermap.com/usa/tennessee/nashville/meta-gallatin-building-2/,Part of Meta Gallatin Campus
Meta,"Meta Lp Gallatin Tennessee, USA  ",-1,-1,Under Construction,https://www.datacentermap.com/usa/tennessee/nashville/meta-gallatin-building-3/,Part of Meta Gallatin Campus
Meta,"Meta Lp Gallatin Tennessee, USA  ",-1,-1,Under Construction,https://www.datacentermap.com/usa/tennessee/nashville/meta-gallatin-building-4/,Part of Meta Gallatin Campus
Meta,"Meta Lp Gallatin Tennessee, USA  ",-1,-1,Planned,https://www.datacentermap.com/usa/tennessee/nashville/meta-gallatin-building-5/,Part of Meta Gallatin Campus
Meta,"Meta Lp Gallatin Tennessee, USA  ",-1,-1,Planned,https://www.datacentermap.com/usa/tennessee/nashville/meta-gallatin-building-6/,Part of Meta Gallatin Campus
Meta,"4500 Like Way Fort Worth Texas, USA",-97.26111316489428,32.983782899999994,Active,https://www.datacentermap.com/usa/texas/dallas/meta-fort-worth-data-center/,
Meta,"US-54 &amp; Stan Roberts Sr Ave El Paso Texas, USA",-1,-1,Under Construction,https://www.datacentermap.com/usa/texas/el-paso/meta-el-paso-campus/,
Meta,"NW H K Dodgen Loop &amp; Industrial Blvd Temple Texas, USA",-1,-1,Under Construction,https://www.datacentermap.com/usa/texas/waco/meta-temple-data-center/,
Meta,"1275-1725 N Community Cir Eagle Mountain Utah, USA",-1,-1,Active,https://www.datacentermap.com/usa/utah/orem/meta-eagle-mountain-data-center/,
Meta,"1275 N Community Cir Eagle Mountain Utah, USA  ",-1,-1,Active,https://www.datacentermap.com/usa/utah/orem/meta-eagle-mountain-building-1/,Part of Meta Eagle Mountain Campus
Meta,"1275 N Community Cir Eagle Mountain Utah, USA  ",-1,-1,Active,https://www.datacentermap.com/usa/utah/orem/meta-eagle-mountain-building-2/,Part of Meta Eagle Mountain Campus
Meta,"1500 N Community Cir Eagle Mountain Utah, USA  ",-1,-1,Active,https://www.datacentermap.com/usa/utah/orem/meta-eagle-mountain-building-3/,Part of Meta Eagle Mountain Campus
Meta,"1725 N Community Cir Eagle Mountain Utah, USA  ",-1,-1,Active,https://www.datacentermap.com/usa/utah/orem/meta-eagle-mountain-building-4/,Part of Meta Eagle Mountain Campus
Meta,"1725 N Community Cir Eagle Mountain Utah, USA  ",-1,-1,Active,https://www.datacentermap.com/usa/utah/orem/meta-eagle-mountain-building-5/,Part of Meta Eagle Mountain Campus
Meta,"1275 N Community Cir Eagle Mountain Utah, USA  ",-1,-1,Under Construction,https://www.datacentermap.com/usa/utah/orem/meta-eagle-mountain-building-6/,Part of Meta Eagle Mountain Campus
Meta,"1500 N Community Cir Eagle Mountain Utah, USA  ",-1,-1,Under Construction,https://www.datacentermap.com/usa/utah/orem/meta-eagle-mountain-building-7/,Part of Meta Eagle Mountain Campus
Meta,"6200 Technology Blvd Sandston Virginia, USA",-1,-1,Active,https://www.datacentermap.com/usa/virginia/richmond/meta-henrico-data-center/,
Meta,"3951 Portugee Rd Sandston Virginia, USA",-1,-1,Planned,https://www.datacentermap.com/usa/virginia/richmond/meta-sandston/,
Meta,,-1,-1,Under Construction,https://www.datacentermap.com/usa/wyoming/cheyenne/meta-cheyenne/,"within High Plains Business Park</i> South Greeley Wyoming, USA"
